loss,acc,val_loss,val_acc,lr
2.092101573944092,0.34643077850341797,13.413370132446289,0.1907999962568283,0.000921
1.6747370958328247,0.46243077516555786,46.277896881103516,0.4004000127315521,0.000921
1.4473212957382202,0.5458922982215881,12.28239917755127,0.4925000071525574,0.000921
1.3292840719223022,0.5814769268035889,1.4193620681762695,0.5812000036239624,0.000921
1.112957239151001,0.6346615552902222,1.7539353370666504,0.5576000213623047,0.000921
0.9139806032180786,0.6933692097663879,0.8642533421516418,0.6888999938964844,0.000921
0.8320445418357849,0.7338923215866089,8.463818550109863,0.5726000070571899,0.000921
0.6989657282829285,0.7682461738586426,0.6783090233802795,0.7896999716758728,0.000921
