loss,acc,val_loss,val_acc,lr
1.9507648944854736,0.3248923122882843,1.6475940942764282,1.6475940942764282,0.000921
1.5107187032699585,0.48138460516929626,1.4422852993011475,1.4422852993011475,0.000921
1.2771331071853638,0.5568307638168335,1.9194523096084595,1.9194523096084595,0.000921
1.2219101190567017,0.5897538661956787,1.428530216217041,1.428530216217041,0.000921
1.0060715675354004,0.6567384600639343,1.2817310094833374,1.2817310094833374,0.000921
0.9009548425674438,0.6966615319252014,0.950851559638977,0.950851559638977,0.000921
0.7929658889770508,0.73515385389328,0.801270604133606,0.801270604133606,0.000921
0.67992103099823,0.774476945400238,0.6789065599441528,0.6789065599441528,0.000921
